company,website,location,coverage,business_type,fleet_categories,whatsapp_number,phone,online_booking,whatsapp_available,whatsapp_automation_evidence,ai_chatbot_evidence,human_whatsapp_evidence,daily,weekly,monthly,long_term,airport_pickup,hotel_delivery,home_delivery,deposit_policy,insurance,payment_methods,documents_required,age_requirement,mileage_policy,fuel_policy,cancellation_policy,extension_policy,roadside_assistance,languages,interesting_features,source_urls,evidence_notes
"SelfDrive Mobility","https://www.selfdrive.ae/","Dubai (HQ)","UAE 7 emirates + UK, KSA, Oman, Kuwait, Qatar, Bahrain, Turkey, Singapore","Standard + monthly subscription + leasing + rent-to-own","Economy, sedan, SUV, luxury, exotic","Unknown (WhatsApp offered; number not extracted)","Unknown","YES - app and web booking, instant confirmation via own fleet management system","YES - site says contact via Call/WhatsApp","NONE FOUND on WhatsApp","YES - SIA conversational AI, 40+ languages, trained on 2.5m sessions, launched 18 Nov 2025, WEB + APP ONLY","YES - Call/WhatsApp offered alongside SIA","YES","YES","YES - monthly subscription, no long-term commitment","YES - personal and corporate leasing, rent-to-own","YES","YES","YES","Refundable; SD Wallet refund in 2-3 days or original method within 30 working days; zero-deposit on selected models","Unknown","Mastercard, Visa, Amex, Apple Pay, Pay-by-Link","Unknown","Unknown","Unknown","Unknown","Unknown","Unknown","Unknown","40+ via SIA incl. English, Arabic, Hindi, Mandarin, Malayalam, Russian, Tamil, Marathi, Bengali","Only verified conversational-AI rental booking system in the region; +25% AI-driven bookings since soft launch; SIA-exclusive discounts (AED 100 off monthly, AED 50 off daily/weekly); intelligent Hot Keys claimed 3x faster","https://www.selfdrive.ae/ | https://www.khaleejtimes.com/kt-network/selfdrive-mobility-launches-the-regions-first-conversational-ai-car-rental-reservation-system","CRITICAL NUANCE: SIA is web/app only per launch materials. WhatsApp is a separate human channel. Do NOT claim SelfDrive has a WhatsApp AI agent."
"OneClickDrive","https://www.oneclickdrive.com/","Dubai","UAE (Dubai, Abu Dhabi, Sharjah, Ajman, RAK, Fujairah, UAQ, Al Ain) + Morocco, Georgia, Jordan, Kuwait, Oman, Qatar, KSA, Turkey, UK","Marketplace / aggregator (subscription model, no commission)","All - economy from AED 30/day to supercars","Per-supplier click-to-chat","Per-supplier","NO - platform does not take the booking; it routes to the supplier","YES - core mechanic: connects customer to supplier via WhatsApp or call","Routing only; no evidence of AI on routed conversations","NONE FOUND","YES - conversation is with the supplier's human team","YES","YES","YES","Unknown","YES","Unknown","Unknown","Per-supplier","Per-supplier","Paid directly to provider; no booking fee or markup","Per-supplier","Per-supplier","Per-supplier","Per-supplier","Per-supplier","Per-supplier","Per-supplier","Unknown","Suppliers pay a subscription to list; no commission; listings show photos and transparent prices; 35+ cities","https://www.oneclickdrive.com/ | https://www.oneclickdrive.com/car-rental-app | https://www.oneclickdrive.com/list-your-car-rental-marketplace | https://campaignme.com/oneclickdrive-dominates-the-car-rental-dubai-scene-with-unmatched-choices-deals/","STRATEGICALLY IMPORTANT: a major reason WhatsApp is the default booking channel in Dubai. Generates inbound WhatsApp leads to hundreds of operators."
"eZhire","https://www.ezhire.ae/","Dubai","UAE 8 cities + Bahrain, Qatar","Delivery-first app rental, subscription, subscribe-to-own, with-driver","Economy to luxury","YES - WhatsApp link on site","+971 4 459 4600","YES - full booking in app","YES - support channel","NONE FOUND","NONE FOUND - support described as in-app chat / WhatsApp / phone","YES","YES","YES","YES","YES - subscriptions 3+ months; subscribe-to-own within 3 years","YES","YES","YES - doorstep delivery","NO DEPOSIT REQUIRED - stated across all rental types","Unknown","Credit card, Apple Pay, Tabby (BNPL)","National ID or passport; driving licence (home country or international); copy of debit/credit card - all uploaded in app","Unknown","Unknown","Unknown","Unknown","Unknown","Unknown","Unknown","Digital KYC with no office visit; 'Instant Delivery From 10 Mins'; delivery in ~1 hour; one-way inter-emirate trips allowed","https://www.ezhire.ae/","Best example of fully digital document collection + no-deposit at scale. App-first, not WhatsApp-first."
"Renty.ae","https://renty.ae/","Dubai","Dubai / UAE","Broad - economy through supercar; 2,000+ vehicles","Economy AED 81+/day; luxury AED 2,100+/day; sports; hourly AED 220-300/hr","+971 55 856 9266","+971 55 856 9266","YES - online reservation","YES - booking can be completed via WhatsApp or Telegram","NONE FOUND","NONE FOUND","YES - 24/7 support via WhatsApp, Telegram, phone, email","YES","YES","YES","Unknown","YES - free delivery incl. airports (customer pays airport parking fee)","YES","YES","Security deposit standard, refunded within 28 days after inspection; 'no deposit' option on select vehicles","Included in rate; optional comprehensive CASCO upgrade","Credit/debit card, cash, bank transfer, crypto (USDT, Bitcoin)","Tourists: passport, visit visa, home licence, IDP. Residents: Emirates ID + UAE licence","Unknown","250-300 km/day typical; excess charges beyond","Unknown","Unknown","Unknown","Unknown","English, Arabic, Russian, French, German, Italian, Dutch, Spanish, Chinese, Turkish","Widest verified language support of any operator site in the dataset; crypto accepted; multichannel (web + WhatsApp + Telegram)","https://renty.ae/","Strong benchmark for multilingual + multichannel. No automation evidence found."
"Superior Car Rental","https://superiorrental.ae/","Dubai","Dubai / UAE","Luxury, sports, supercar","Luxury sedans AED 5,499/day (Rolls-Royce Phantom); premium SUV AED 4,499/day (Urus SE); convertibles AED 2,999-3,999; sports AED 3,999","+971 56 441 4344","+971 56 441 4344","YES - 'Reserve in seconds on WhatsApp or book online'","YES - 'Instant WhatsApp booking' 24/7, primary channel","NONE FOUND","NONE FOUND - no chat widget or chatbot mentioned","YES","YES","YES","YES","Unknown","YES - free delivery to UAE airports","YES - free hotel delivery","YES","NO CASH DEPOSIT; refundable pre-authorisation, standard AED 2,000 across fleet, released after return and inspection","Comprehensive per UAE regulation; CDW optional per vehicle; tyre/rim damage excluded from standard cover AND CDW","Credit card required for pre-authorisation","Valid driving licence, passport copy, credit card in main driver's name; residents Emirates ID; visitors may need IDP","Unknown","Daily allowance varies by class; per-km surcharge over limit","Unknown","Unknown","Extensions mentioned","24/7 around-the-clock support","Unknown","Free delivery UAE-wide within 60 minutes of booking, 24/7; explicit pre-auth model instead of cash deposit; concierge; 3+1 free day promo","https://superiorrental.ae/","Cleanest published deposit/insurance model in the luxury segment. Good template for our terms-confirmation step."
"Octane.Rent","https://octane.rent/","Dubai","Dubai / UAE","Luxury, sports, supercar, commercial vans; 400+ fleet claimed","SUV, luxury, sports, convertible, electric, sedan, van, 7-seater, economy, camper van; from AED 130/day","Unknown (WhatsApp icon in header)","+971 4 253 6700","Unknown - no online booking form observed","YES - 'confirm by WhatsApp or Telegram with a reply within 5 minutes, around the clock'","NONE FOUND - 5-minute human reply SLA implies a staffed desk","NONE FOUND","YES","YES","YES","YES","YES","YES - 24/7 airport delivery","YES","YES","Zero deposit marketed; FAQ states deposits are 'mostly used to cover RTA fines and Salik'","Comprehensive insurance stated","Unknown","Unknown","18 minimum stated in FAQ; notes most companies require 25 with 3 years' experience","Extra mileage costs charged","Fuel charges applied","Unknown","Extra days of rent charged","24/7 services and maintenance","Unknown","5-minute reply SLA on WhatsApp/Telegram; 24/7 delivery and pick-up; 4.9 Google rating claimed; commercial/van fleet","https://octane.rent/ | https://octane.rent/faq/ | https://octane.rent/cars/ | https://octane.rent/commercial-vehicle-rental-dubai/","The 5-minute human SLA is the benchmark our AI must beat (target: under 10 seconds)."
"NCK Car Rental","https://www.nckcarrental.com/","Dubai","Dubai","Small independent - luxury, sports, SUV","93+ vehicles; AED 150/day (Corolla) to AED 6,500/day (Rolls-Royce Phantom)","+971 52 566 0040","+971 52 566 0040","Unknown","YES - PRIMARY: 'Send us a WhatsApp with your dates and preferred car - we confirm, deliver, and you drive'","NONE FOUND","NONE FOUND","YES","YES","YES","YES","Unknown","YES - 24/7 DXB and DWC","YES","YES - free to all major Dubai areas","NO SECURITY DEPOSIT on any vehicle","Basic third-party included; full comprehensive upgrade available","Bank transfer, Visa/Mastercard, cash AED, crypto (USDT TRC20, Bitcoin)","Tourists: passport, visit visa, home licence, IDP. Residents: Emirates ID + UAE licence","Unknown","Most cars NO mileage limit; select high-end 250 km/day with overage","Unknown","Unknown","Unknown","Unknown","Unknown","Free delivery Downtown, Marina, Palm Jumeirah, Business Bay, Jumeirah, Al Barsha, DXB, DWC; 1-3 hour delivery, express 1 hour possible","https://www.nckcarrental.com/","Purest example of 'WhatsApp IS the product' independent operator. The workflow our agent must replicate and beat."
"Rentico","https://rentico.ae/","Dubai","Dubai / UAE","Economy through luxury; no-deposit specialist","Economy from AED 88/day; luxury AED 800+/day","+971 55 626 6457","Unknown","YES - online search and booking; 'you pay the full rental amount when you receive the car'","YES","NONE FOUND","NONE FOUND","YES","YES","YES","YES","Unknown","YES - DXB AED 99, DWC AED 149","YES","YES - free delivery on rentals over AED 1,000 in Dubai; otherwise AED 99","No deposit with a small fee; refundable AED 2,000 deposit option for ages 18-21","CDW included; deductible AED 1,000-1,500","Visa, Mastercard, cash, Russian cards, bank transfer; no credit card required","Passport, driving licence front/back, IDP if applicable","18+ (18-21 requires AED 2,000 deposit)","250 km/day free; AED 1-5 per extra km","Unknown","Unknown","Unknown","Unknown","English, Russian, Arabic","MOST TRANSPARENT published fee table in the dataset (delivery fees, CDW deductible, per-km overage all published); accepts Russian cards","https://rentico.ae/ | https://rentico.ae/group/business/","Best model for the itemised binding quote our agent should generate. Explicit Russian-market targeting."
"Quick Lease","https://quicklease.ae/","Dubai (Al Barsha, Abu Hail, Al Quoz) + Abu Dhabi","UAE","Standard + monthly leasing + corporate + lease-to-own","Economy, sedan, crossover, SUV, luxury (Toyota, Nissan, BMW, Mercedes, Ferrari, Lamborghini)","+971 800 78425","800 78425 / +971 440 87300","YES","YES","NONE FOUND","NONE FOUND","YES - dedicated booking team","YES - from AED 65/day","YES","YES - from AED 999/month","YES - personal lease, corporate lease, lease-to-own","YES - airport returns available","Unknown","YES - free delivery and collection across UAE","'No Deposit' promotions on select vehicles","Included in rate","Multiple; pay-later or pay-now with 2% discount","Residents: Emirates ID, UAE licence, payment method. Tourists: passport, visa, home licence, IDP where required","Unknown","Varies by vehicle; excess-mileage charges apply; Salik included in select plans","Unknown","Unknown","Unknown","YES - 24/7 roadside assistance","Multi-language support stated","4 physical branches; toll-free WhatsApp number; customer portal; pickup points at metro stations and malls; corporate leasing","https://quicklease.ae/","Best example of the monthly/corporate segment - the segment with the most complex agent requirements (credit checks, contracts, fleet allocation)."
"Hertz UAE","https://www.hertz.ae/","Dubai + UAE nationwide","UAE","Global brand; corporate, airport, daily to monthly","Full range; 2,025+ vehicles claimed; 14 UAE locations","NONE FOUND","800 HERTZ (800 43789)","YES - full online reservation engine","NO - WhatsApp not offered as a contact method","N/A","NONE FOUND","N/A","YES","YES","YES","YES - long-term offers","YES - all DXB terminals, Abu Dhabi, Sharjah airports","Unknown","Unknown","Pre-authorisation model; specifics not published on homepage","'Transparent pricing with insurance included'","Unknown","Rental requirements page exists; specifics not extracted","Unknown","Unknown","Unknown","Unknown","Unknown","YES - 24hr breakdown and roadside assistance with all packages","English + Arabic site","Emirates Skywards and Blue Rewards loyalty integration; mobile app; branches incl. Dubai Marina, Business Bay, Motor City","https://www.hertz.ae/ | https://www.hertz.ae/rental-faqs/ | https://www.hertz.ae/blog/rental-car-accident-in-dubai-what-to-do-next/","THE CONTRAST CASE: global operator with a real booking engine and NO WhatsApp. Shows the market split between 'systems companies' and 'WhatsApp companies'."
"Panorama Car Rental","https://panoramacar.ae/","Dubai","Dubai","Sports and luxury; no-deposit","AED 299 - AED 2,199+/day; Mercedes, BMW, Audi, Lamborghini, Ferrari, Rolls-Royce, Porsche, Range Rover","+971 54 432 1921","+971 52 202 9780","YES","YES - WhatsApp, phone or online","NONE FOUND","NONE FOUND - no chatbot mentioned","YES","YES","YES","YES","Unknown","YES","YES","YES - free delivery across Dubai within 30 minutes","No deposit required","Included in rate","Cash, debit/credit card, bank transfer, online","Residents: passport, UAE licence, Emirates ID copy. Tourists: passport, home licence, UAE visa stamp, airport entry stamp","Unknown","250 km/day","Delivered clean and fuelled","Unknown","Unknown","Unknown","Unknown","30-minute free delivery claim across Dubai; explicit tourist document list including airport entry stamp","https://panoramacar.ae/","Typical mid-size WhatsApp-first luxury operator."
"Star Empire Rent a Car","https://starempirecarrental.com/","Dubai","Dubai","Luxury + economy + chauffeur; no-deposit","100+ vehicles; economy AED 99/day to Ferrari AED 10,500/day","+971 50 101 1866","+971 50 101 1866 (24/7)","Unknown","YES - PRIMARY: message on WhatsApp with car preference; instant confirmation and delivery","NONE FOUND","NONE FOUND","YES","YES","YES","YES - monthly plans","Unknown","YES - DXB and DWC with meet-and-greet and luggage assistance","YES","YES - free delivery across Dubai 24/7, within 60 minutes most locations","No deposit on selected vehicles; refundable deposit may apply otherwise","Comprehensive insurance on all vehicles","Visa, Mastercard, Apple Pay, cash","Residents: Emirates ID, UAE licence, payment method. Tourists: passport, visit visa, international or home licence","Unknown","200-300 km/day included","Unknown","Unknown","Unknown","YES - 24/7 roadside assistance","English-speaking team; multilingual support stated","Airport meet-and-greet with luggage assistance; chauffeur service; airport transfers","https://starempirecarrental.com/","Good example of an airport meet-and-greet workflow coordinated over WhatsApp."
"Saadatrent","https://saadatrent.ae/","Dubai","Dubai / UAE","Broad - economy to supercar; 200+ vehicles","From AED 39/day to supercars","+971 54 555 3250","Unknown","YES - online reservation system","YES","NONE FOUND","NONE FOUND","YES - 24/7 multilingual support via WhatsApp and phone","YES","YES","YES - dedicated monthly product","YES","YES - DXB T1/T2/T3 coordination","YES","YES","Low or no-deposit options; deposit refunded within 7 days","Included in daily rates","Visa, Mastercard, Verified by Visa, Mastercard SecureCode, Tether, Bitcoin","Passport, valid driving licence, IDP if applicable, UAE visa or entry stamp","21+ (25+ for luxury)","Unlimited mileage options / 'no mileage limit' plans offered","Unknown","Unknown","Manager assistance for booking and rental modifications","Unknown","Multilingual stated","FASTEST published deposit refund found (7 days vs market 21-30); unlimited-mileage plans; crypto","https://saadatrent.ae/ | https://saadatrent.ae/mag/hidden-fees-in-dubai-car-rental/ | https://www.saadatrent.com/dubai/self-drive-monthly-car-rental","7-day deposit refund is a genuine differentiator worth borrowing."
"BE VIP Rent A Car","https://www.bevip.ae/","Dubai","Dubai","Luxury, sports, exotic","AED 300 - AED 10,000+/day; 30+ luxury brands","+971 56 822 2244","+971 56 822 2244 / +971 56 322 2266","YES","YES","PARTIAL - site shows a chat/WhatsApp widget labelled 'Typically replies within minutes'; nature unverified","UNCLEAR - widget label only; no AI capability demonstrated publicly","YES - human team implied by 'replies within minutes'","YES","YES","YES","Unknown","YES - airport delivery","YES","YES - free pick-up and drop-off","Refundable security deposit returned within 30 working days; credit card used to block deposit; credit card not mandatory to book","Basic insurance per RTA requirement; upgraded insurance at extra cost","Cash, debit card, credit card","Residents: Emirates ID, valid licence. Tourists: visit visa with entry stamp, passport copy, home licence, IDP","18 minimum","250 km/day; excess charges beyond","Full tank provided; return at same level","Unknown","Unknown","YES - 24/7 roadside assistance","Arabic and English","Publishes Salik pass-through at AED 5 per gate (AED 4 toll + AED 1 admin); iOS and Android apps","https://www.bevip.ae/","Widget wording is ambiguous - classified PARTIAL/UNCLEAR, not AI. Do not cite as an AI competitor."
"Dubai Rent A Car","https://dubairentacar.ae/","Dubai","Dubai","Luxury platform; 40+ brands","Economy from AED 300/day to supercars AED 9,500+/day; monthly from ~AED 1,200","+971 58 588 0797","+971 55 454 2677","YES - booking request form","YES","NONE FOUND","NONE FOUND","YES","YES","YES","YES","Unknown","YES - free delivery to airport/hotel","YES","YES","'100% refundable deposit guaranteed', refunded within 21 days; AED 1,000-10,000 by vehicle class","Comprehensive insurance included","No pre-payment required for most bookings - pay on delivery","IDL or home licence with English translation","Economy 20+ with 1 year experience; luxury 23+","250 km/day typical","Full tank provided","Unknown","Unknown","YES - 24/7 support","Unknown","Pay-on-delivery model (no prepayment) - reduces booking friction but increases no-show risk; 5% VAT stated as included","https://dubairentacar.ae/","Deposit-by-class table (AED 1,000-10,000) is a useful reference for our PricingRule/Deposit model."
"Luxury Supercars Dubai","https://luxurysupercarsdubai.com/","Dubai","Dubai","Supercar / exotic showroom","Exotic and supercar incl. rare models","Unknown","Unknown","YES - 'select your desired luxury car, enter your payment details, and make the reservation'","Unknown","NONE FOUND","NONE FOUND","Unknown","YES","YES","YES","Unknown","Unknown","YES - free delivery to hotel, residence, office or airport claimed","YES","YES","'Deposit type, amount and method of payment will vary by agreement type'","'All our vehicles are insured' - no excess detail","Cash, Visa, Mastercard, Amex, online banking, Bitcoin","Passport copy with visa page; valid UAE or international licence; credit card","21 minimum, 65 maximum; licence held at least 1 year","Unknown","Unknown","Modification or cancellation requires 48 hours minimum notice via customer service","Depends on availability; if the vehicle is already booked, extension is not possible but customer 'may exchange your rental car by any other available models'","Unknown","Unknown","BEST published extension/substitution logic found; 1-hour late-return grace then hourly rate charges","https://luxurysupercarsdubai.com/faq","Borrow this extension-conflict rule directly."
"Udrive","https://www.udrive.ae/","Dubai","UAE","Car sharing - pay per minute/hour/day","2,000+ cars; economy/compact","Unknown","Unknown","YES - app only","Unknown","NONE FOUND","NONE FOUND","Unknown","YES","YES","YES - 'from minutes to months'","Unknown","Unknown","Unknown","Unknown","Unknown","Unknown","Unknown","Unknown","Unknown","Unknown","Unknown","Unknown","Unknown","Unknown","Unknown","Per-minute car sharing; 2,000+ cars in one app; no human channel needed for the core loop","https://www.udrive.ae/","Included as the fully self-service extreme of the market."
"Yango Drive","https://drive.yango.com/uae/dubai","Dubai","UAE","App-based rental; no-deposit","Unknown","Unknown","Unknown","YES - app","Unknown","NONE FOUND","NONE FOUND","Unknown","YES","Unknown","Unknown","Unknown","Unknown","Unknown","Unknown","Marketed as car rental without deposit","Unknown","Unknown","Unknown","Unknown","Unknown","Unknown","Unknown","Unknown","Unknown","Unknown","Global ride-hailing brand entering Dubai rental with no-deposit positioning","https://drive.yango.com/uae/dubai","Discovered via search; site not deeply inspected. Most fields Unknown."
"Thrifty UAE","https://www.thriftyuae.com/","Dubai + UAE","UAE","Global franchise brand; budget/standard","Full range","Unknown - a WhatsApp claim appears on OneClickDrive's listing page, not verified on Thrifty's own site","800 4770","YES","UNKNOWN","NONE FOUND","NONE FOUND","Unknown","YES","YES","YES","YES","YES - DXB, Mall of the Emirates, city locations","Unknown","Unknown","Unknown","Unknown","Unknown","Unknown","Unknown","Unknown","Unknown","Unknown","Unknown","Unknown","Unknown","Established 1989; 40+ years in UAE; listed on OneClickDrive alongside independents","https://www.thriftyuae.com/ | https://www.oneclickdrive.com/company/dubai/thrifty-car-rental","IMPORTANT: the WhatsApp claim came from the marketplace listing (OneClickDrive's routing), not Thrifty's own channel. Marked UNKNOWN."
"Europcar Dubai","https://www.europcar.com/en-db","Dubai","UAE","Global brand; airport, leasing","Full range","Unknown","Unknown","YES","Unknown","NONE FOUND","NONE FOUND","Unknown","YES","YES","YES","YES - leasing","YES - T3 24/7 operation","Unknown","Unknown","Unknown","Unknown","Unknown","Unknown","Unknown","Unknown","Unknown","Unknown","Unknown","Unknown","Unknown","Operating in Dubai since 1976; 24/7 at DXB Terminal 3","https://www.europcar.com/en-db","Included for traditional-operator contrast."
"Diamondlease","https://www.diamondlease.com/","Dubai","UAE","Corporate leasing + long-term + daily rental","Full range","Unknown","Unknown","Unknown","Unknown","NONE FOUND","NONE FOUND","Unknown","YES","Unknown","YES","YES - corporate leasing","Unknown","Unknown","Unknown","Unknown","Unknown","Unknown","Unknown","Unknown","Unknown","Unknown","Unknown","Unknown","Unknown","Unknown","Major UAE corporate leasing player","https://www.diamondlease.com/","Site returned minimal content to the fetcher; nearly all fields Unknown."
"Yousco Rent A Car","https://youscorentacar.com/","Dubai","Dubai","Independent; broad","Unknown","Unknown","Unknown","Unknown","YES - 'call or WhatsApp with your selected car, rental duration, and preferred delivery location'","NONE FOUND","NONE FOUND","YES","YES","Unknown","Unknown","Unknown","Unknown","Unknown","YES - delivery location requested at contact","Unknown","Unknown","Unknown","Unknown","Unknown","Unknown","Unknown","Unknown","Unknown","Unknown","Unknown","Their published contact instruction is literally the three slots our agent must capture: vehicle, duration, delivery location","https://youscorentacar.com/","Useful because their own copy documents the minimum viable slot set."
"Formula Drive Rent a Car","https://formuladriverentacar.com/","Dubai","Dubai","Independent; broad","Unknown","Unknown","Unknown","Unknown","YES - call, WhatsApp text or email","NONE FOUND","NONE FOUND","YES","YES","Unknown","Unknown","Unknown","Unknown","Unknown","Unknown","Unknown","Unknown","Unknown","Unknown","Unknown","Unknown","Unknown","Unknown","Unknown","Unknown","Unknown","Typical independent multi-channel contact model","https://formuladriverentacar.com/","Discovery-level record."
"POF Rental","https://www.pofrental.com/","Dubai","Dubai","Luxury / exotic","Luxury and exotic","Unknown","Unknown","Unknown","Unknown","NONE FOUND","NONE FOUND","Unknown","YES","Unknown","Unknown","Unknown","Unknown","Unknown","Unknown","Unknown","Unknown","Unknown","Unknown","Unknown","Unknown","Unknown","Unknown","Unknown","Unknown","Unknown","Publishes a luxury rental rankings blog used for market mapping","https://www.pofrental.com/ | https://www.pofrental.com/blogs/best-luxury-car-rental-companies-dubai-2026","Site returned HTTP 403 to the fetcher. Discovery-level record only."
"Luxus Car Rental","https://luxuscarrental.com/","Dubai","Dubai","Luxury","Luxury","Unknown","Unknown","Unknown","Unknown","NONE FOUND","NONE FOUND","Unknown","YES","Unknown","Unknown","Unknown","Unknown","Unknown","Unknown","Unknown","Unknown","Unknown","Unknown","Unknown","Unknown","Unknown","Unknown","Unknown","Unknown","Unknown","Publishes comparative operator reviews","https://luxuscarrental.com/en/blog/best-rent-a-car-companies-in-dubai","Discovery-level record."
"Modena Car Rental","https://modenacar.com/","Dubai","Dubai","Standard + luxury; free delivery","Unknown","Unknown","Unknown","Unknown","Unknown","NONE FOUND","NONE FOUND","Unknown","YES","Unknown","Unknown","Unknown","Unknown","Unknown","YES - free car delivery in brand positioning","Unknown","Unknown","Unknown","Tourists: IDL required for non-reciprocal countries, passport, tourist visa, credit card in renter's name. Residents: UAE licence mandatory (international NOT accepted for residents), Emirates ID, sometimes proof of residency (lease/utility bill) for extended rentals","Unknown","Unknown","Unknown","Unknown","Unknown","Unknown","Unknown","CLEAREST published rule that UAE RESIDENTS cannot use an international licence - a hard validation rule for our agent","https://modenacar.com/documents-for-car-rental-in-dubai/","Key source for the document-eligibility decision tree."
"Speedy Drive","https://www.speedydrive.ae/","Dubai","Dubai","Standard","Unknown","Unknown","Unknown","Unknown","Unknown","NONE FOUND","NONE FOUND","Unknown","YES","Unknown","Unknown","Unknown","Unknown","Unknown","Unknown","Unknown","Unknown","Unknown","Unknown","Unknown","Unknown","Unknown","Unknown","Unknown","Unknown","Unknown","Publishes a hidden-costs guide used as a fee-structure source","https://www.speedydrive.ae/blog/hidden-costs-car-rental-dubai-fees-guide/","Discovery-level record; used as a market-practice source."
"DriveX","https://drivex.ae/","Dubai","Dubai","Standard","Unknown","Unknown","Unknown","Unknown","Unknown","NONE FOUND","NONE FOUND","Unknown","YES","Unknown","Unknown","Unknown","Unknown","Unknown","Unknown","Unknown","Unknown","Unknown","Unknown","Unknown","Unknown","Unknown","Unknown","Unknown","Unknown","Unknown","Advocates issuing a 'written pre-invoice' before rental - aligns with our binding-quote recommendation","https://drivex.ae/blog/hidden-costs-of-car-rental-in-dubai/ | https://drivex.ae/blog/rental-car-insurance-in-dubai/","Notably refuses to publish figures, directing customers to ask - evidence that opaque pricing is deliberate market practice."
"RentRadar","https://rentradar.ae/","Dubai","Dubai","Comparison / editorial platform","N/A","Unknown","Unknown","Unknown","Unknown","N/A","N/A","N/A","N/A","N/A","N/A","N/A","N/A","N/A","N/A","Documents double-deposit charges and refund disputes","Documents 7 situations 'full insurance' does not cover","N/A","N/A","N/A","N/A","N/A","N/A","N/A","N/A","Unknown","Consumer-side watchdog content; premium rental demand analysis","https://rentradar.ae/blog/hidden-charges-in-dubai-car-rentals/ | https://rentradar.ae/en/blog/double-deposit-charges-in-uae | https://rentradar.ae/blog/the-full-insurance-lie-7-situations-where-your-dubai-rental-coverage-wont-pay/","Not a competitor - included as an evidence source for customer pain points."
"Friends Car Rental","https://friendscarrental.com/","Dubai","Dubai","Standard","Unknown","Unknown","Unknown","Unknown","Unknown","NONE FOUND","NONE FOUND","Unknown","YES","Unknown","Unknown","Unknown","Unknown","Unknown","Unknown","Unknown","Unknown","Unknown","Unknown","Unknown","Unknown","Unknown","Documents dispute-resolution path via Consumer Protection","Publishes fee-free extension positioning","Unknown","Unknown","Publishes the most detailed public accident and dispute procedures found","https://friendscarrental.com/blogs/dubai-rental-car-accident | https://friendscarrental.com/blogs/extend-dubai-car-rental | https://friendscarrental.com/blogs/late-rental-car-return-dubai | https://friendscarrental.com/blogs/handle-car-rental-disputes-dubai","Primary source for our accident and late-return flows."
"Moosa Rent a Car (rentacheapcardubai.com)","https://rentacheapcardubai.com/","Dubai","Dubai","Economy; no-deposit","Economy","Unknown","Unknown","Unknown","Unknown","NONE FOUND","NONE FOUND","Unknown","YES","YES","YES","Unknown","Unknown","Unknown","Unknown","Markets zero-deposit","Unknown","Unknown","Unknown","Unknown","Unknown","Unknown","Unknown","Unknown","Unknown","Unknown","NEGATIVE CASE STUDY: Trustpilot reviews report deposit withheld until a Consumer Protection complaint was filed, and a WhatsApp-confirmed price differing from the final invoice","https://rentacheapcardubai.com/rent-a-car-without-deposit-dubai/ | https://www.trustpilot.com/review/rentacheapcardubai.com","Included deliberately as the failure mode our agent must design against."
"Rental Cars UAE","https://rentalcarsuae.com/","Dubai","UAE","Aggregator / broker","Full range from AED 45/day","Unknown","Unknown","YES","Unknown","NONE FOUND","NONE FOUND","Unknown","YES","YES","YES","Unknown","YES - DXB landing pages","Unknown","Unknown","Markets no-deposit listings","Unknown","Unknown","Unknown","Unknown","Unknown","Unknown","Unknown","Unknown","Unknown","Unknown","Aggregator with airport landing pages","https://rentalcarsuae.com/rent-a-car-dubai-without-deposit/ | https://rentalcarsuae.com/dubai-airport-dxb/","Discovery-level record."
"Babil Rent A Car","https://babilcar.com/","Dubai","Dubai","No-deposit; economy to luxury","Luxury, SUV, sports, economy","Unknown","Unknown","Unknown","Unknown","NONE FOUND","NONE FOUND","Unknown","YES","YES","YES","Unknown","Unknown","Unknown","Unknown","Zero deposit; transparent pricing claimed","Unknown","Unknown","Unknown","Unknown","Unknown","Unknown","Unknown","Unknown","Unknown","Unknown","Zero-deposit positioning across all segments","https://babilcar.com/","Discovery-level record."
"Delta Rentals Dubai","https://deltarentalsdubai.com/","Dubai","Dubai","Luxury / exotic / sports; no-deposit","Exotic, sports","Unknown","Unknown","Unknown","Unknown","NONE FOUND","NONE FOUND","Unknown","YES","Unknown","Unknown","Unknown","Unknown","Unknown","YES - free delivery claimed","No deposit","Unknown","Unknown","Unknown","Unknown","Unknown","Unknown","Unknown","Unknown","Unknown","Unknown","No deposit + free delivery + exotic fleet positioning","https://deltarentalsdubai.com/","Discovery-level record."
"Faiz Ahmad Rent A Car","https://faizcarrentals.com/","Dubai","Dubai","Independent; no-deposit","Unknown","Unknown","Unknown","Unknown","Unknown","NONE FOUND","NONE FOUND","Unknown","YES","Unknown","Unknown","Unknown","Unknown","Unknown","Unknown","No deposit","Unknown","Unknown","Unknown","Unknown","Unknown","Unknown","Unknown","Unknown","Unknown","Unknown","Small independent no-deposit operator","https://faizcarrentals.com/","Discovery-level record."
"Golden Lease (dubaimonthlycarrental.com)","https://dubaimonthlycarrental.com/","Dubai","Dubai","Monthly rental specialist","Unknown","Unknown","Unknown","Unknown","Unknown","NONE FOUND","NONE FOUND","Unknown","Unknown","Unknown","YES - monthly specialist","YES","Unknown","Unknown","Unknown","Unknown","Unknown","Unknown","Publishes a dedicated monthly-rental requirements page","Unknown","Unknown","Unknown","Unknown","Unknown","Unknown","Unknown","Monthly-only positioning with a published requirements page","https://dubaimonthlycarrental.com/requirements","Useful source for monthly-segment document requirements."
"Wall Street DXB","https://wallstreetdxb.com/","Dubai","Dubai","Luxury","Unknown","Unknown","Unknown","Unknown","Unknown","NONE FOUND","NONE FOUND","Unknown","YES","Unknown","Unknown","Unknown","Unknown","Unknown","Unknown","Unknown","Unknown","Unknown","Unknown","Unknown","Unknown","Unknown","Unknown","Unknown","Unknown","Unknown","Publishes a renter-facing Salik explainer","https://wallstreetdxb.com/blog/toll-gates-salik-system-in-dubai","Discovery-level record; used as a Salik source."
"Al Emad Cars","https://alemad.ae/","Dubai","UAE","Standard","Unknown","Unknown","Unknown","Unknown","Unknown","NONE FOUND","NONE FOUND","Unknown","YES","YES","YES","Unknown","Unknown","Unknown","Unknown","Unknown","Unknown","Unknown","Unknown","Unknown","Unknown","Unknown","Unknown","Publishes late-return policy guidance","Unknown","Unknown","Established local operator publishing late-return terms","https://alemad.ae/blog/what-to-expect-when-you-return-your-car-late/","Discovery-level record; late-return source."
"Falcon Drive","https://falcondrive.ae/","Dubai","Dubai","Standard","Unknown","Unknown","Unknown","Unknown","Unknown","NONE FOUND","NONE FOUND","Unknown","YES","Unknown","Unknown","Unknown","Unknown","Unknown","Unknown","Unknown","Unknown","Unknown","Unknown","Unknown","Unknown","Unknown","Unknown","Publishes late-return policy","Unknown","Unknown","Late-return policy publisher","https://falcondrive.ae/blogs/what-s-the-late-return-policy-for-car-rental","Discovery-level record."
"Carcloud (software vendor)","https://www.carcloud.com/","N/A - vendor","Global","AI RENTAL SOFTWARE EXAMPLE","N/A","N/A","N/A","N/A","YES - product runs on WhatsApp, SMS and a web widget","VENDOR CLAIM: unlimited simultaneous conversations, real-time inventory, upsell, self-service modify/cancel in chat","VENDOR CLAIM - AI rental agent product","N/A","N/A","N/A","N/A","N/A","N/A","N/A","N/A","N/A","N/A","N/A","N/A","N/A","N/A","N/A","N/A","Customers can modify or cancel bookings within chat","N/A","12+ languages claimed","Pre-built integrations with Bluebird/BARSNET, CarPro, CARS+ (Thermeon), Wizard (Avis Budget), TSD, Wheelsys, RCM; AWS hosted; GDPR claimed","https://www.carcloud.com/carcloud-ai-rental-agent/","VENDOR CLAIM ONLY. No Dubai deployment verified. Note: no published human-handoff rules, no payment or document-collection capability described."
"WorCo (software vendor)","https://www.worco.io/","N/A - vendor","Global","AI RENTAL SOFTWARE EXAMPLE","N/A","N/A","N/A","N/A","YES - WhatsApp Business API and Telegram Bot","VENDOR CLAIM: checks real-time availability, creates bookings, blocks the vehicle in the calendar, auto-fills CRM, replies in 2-10 seconds","VENDOR CLAIM - AI chat product","N/A","N/A","N/A","N/A","N/A","N/A","N/A","N/A","N/A","N/A","N/A","N/A","N/A","N/A","N/A","N/A","N/A","N/A","Unknown","Claims 40-60% more bookings without adding staff; managers can join a conversation at any moment; owner notified per booking","https://www.worco.io/features/ai-chat/ | https://www.worco.io/blog/ai-transforming-car-rental-industry-2026/","VENDOR CLAIM ONLY. The 'never quotes unavailable vehicles or outdated rates' principle matches our recommended architecture."
"Caryaati ERP III (software vendor)","https://caryaati.ai/","Dubai","UAE + international","AI RENTAL SOFTWARE EXAMPLE - rental ERP","N/A","N/A","N/A","YES - booking portal","NONE FOUND for WhatsApp","VENDOR CLAIM: automatic Salik and fines tracking assigned to the correct customer; demand prediction; e-signature contracts","VENDOR CLAIM - AI-powered ERP","N/A","N/A","N/A","N/A","N/A","N/A","N/A","N/A","N/A","N/A","Stripe and payment gateway integration","N/A","N/A","N/A","N/A","N/A","N/A","N/A","Unknown","MOST RELEVANT BACKEND CLAIM: automated Salik/fines attribution to the right rental contract - exactly the backend capability our agent depends on","https://caryaati.ai/","VENDOR CLAIM ONLY. No WhatsApp channel found. Pricing tier cited at $1,140/yr for up to 50 cars."
"HQ Rental Software (software vendor)","https://hqrentalsoftware.com/","N/A - vendor","Global","RENTAL SOFTWARE EXAMPLE","N/A","N/A","N/A","YES - online reservation plugin for operator websites","NONE FOUND","NONE FOUND","N/A","N/A","N/A","N/A","N/A","N/A","N/A","N/A","N/A","N/A","N/A","N/A","N/A","N/A","N/A","N/A","N/A","N/A","Unknown","Cloud fleet/rates/add-ons/maintenance management with website reservation plugin and telematics","https://hqrentalsoftware.com/","Candidate backend if the client has no existing rental system."
"Appic Fleet (software vendor)","https://www.appicfleet.com/","Dubai","UAE","RENTAL SOFTWARE EXAMPLE - UAE specific","N/A","N/A","N/A","Unknown","Unknown","VENDOR CLAIM: automates Salik, fines, Mulkiya renewals, digital contracts, GPS tracking","NONE FOUND","N/A","N/A","N/A","N/A","N/A","N/A","N/A","N/A","N/A","N/A","N/A","N/A","N/A","N/A","N/A","N/A","N/A","N/A","Unknown","UAE-specific automation: Salik, traffic fines, Mulkiya (vehicle registration) renewals","https://www.appicfleet.com/","VENDOR CLAIM ONLY. Strong candidate for the UAE-specific backend layer."
